{
  "min_sigma_rel": 0.03821318790931705,
  "max_sigma_rel": 0.06852151080444435,
  "median_size_rel": 0.09735556405088627,
  "n_sigmas": 16
}